year,venue,type,award,authors,title,journal,date,link
2026,DAC,conference,,"Zhantong Zhu, Zhuolin Li, Kangbo Bai, Hongou Li, Tianyu Jia*",AgenticDSE: A Multi-Agent Design Space Exploration Framework with Multi-Phase Bayesian Optimization for Chiplet Accelerators,IEEE Design Automation Conference (DAC),Jul. 2026,
2026,DAC,conference,,"Chenhao Xue, Yukun Wang, An Guo, Yuhui Shi, Jinwei Zhou, Xiping Dong, Yihan Yin, Yuanpeng Zhang, Tianyu Jia, Wei Gao, Qiang Wu, Xin Si, Jun Yang and Guangyu Sun",AccelCIM: Systematic Dataflow Exploration for SRAM Compute-in-Memory Accelerator,IEEE Design Automation Conference (DAC),Jul. 2026,
2026,CICC,conference,,"Qinzhe Zhi, Wenjie Ren, Siyuan He, Mingxuan Li, Yandong He, Le Ye, Tianyu Jia*",A 22nm 15.2μJ/Inference Speech Enhancement Accelerator with Contextual-Aware KV-Cache Management and Reconfigurable D-CIM Engine,IEEE Custom Integrated Circuit Conference (CICC),Apr. 2026,
2026,ISSCC,conference,,"Jiaqi Zhou, Hongou Li, Keyao Jiang, Yiyang Sun, Tianyu Jia*",31.4 VARSA: A Visual Autoregressive Generation Accelerator Using Performance-Scalable Multi-Precision PE-LUT and Grid-Similarity Attention Compression,IEEE International Solid-State Circuits Conference (ISSCC),Feb. 2026,https://scholar.google.com/citations?view_op=view_citation&hl=en&user=x5IMx08AAAAJ&citation_for_view=x5IMx08AAAAJ:pyW8ca7W8N0C
2026,ISSCC,conference,,"Wenjie Ren, Mingxuan Li, Zhenghao Jin, Yifan Ding, Ruohang Xu, Xiangjun Ye, Yufei Ma, Tianyu Jia*, Le Ye*",18.2 A 22nm 1.87ms/Frame Streaming Multi-Speaker ASR Accelerator Leveraging Contextual-Aware Redundancy Skipping with 2D-Writable Microscaling Compute-in-Memory and Similarity-Aware TCAM Design,IEEE International Solid-State Circuits Conference (ISSCC),Feb. 2026,https://scholar.google.com/citations?view_op=view_citation&hl=en&user=x5IMx08AAAAJ&citation_for_view=x5IMx08AAAAJ:a0OBvERweLwC
2026,DATE,conference,,"Hongou Li, Mingxuan Li, Zhantong Zhu, Tianyu Jia*",ACES: A Chiplet Architecture with Resource Partition and Dynamic Scheduling for Agentic LLMs,"Design, Automation and Test in Europe Conference (DATE)",Apr. 2026,
2026,DATE,conference,,"Kangbo Bai, Zhantong Zhu, Yifan Ding, Tianyu Jia*",ChipLight: Cross-Layer Optimization of Chiplet Design with Optical Interconnects for LLM Training,"Design, Automation and Test in Europe Conference (DATE)",Apr. 2026,
2026,ASPLOS,conference,,"Tong Xie, Yijiahao Qi, Jinqi Wen, Zishen Wan, Yanchi Dong, Zihao Wang, Shaofei Cai, Yitao Liang, Tianyu Jia, Yuan Wang, Runsheng Wang, Meng Li",CREATE: Cross-Layer Resilience Characterization and Optimization for Efficient yet Reliable Embodied AI Systems,ACM International Conference on Architectural Support for Programming Languages and Operating Systems (ASPLOS),Mar. 2026,https://scholar.google.com/citations?view_op=view_citation&hl=en&user=x5IMx08AAAAJ&citation_for_view=x5IMx08AAAAJ:4OULZ7Gr8RgC
2026,ASP-DAC,conference,,"Zhantong Zhu, Kangbo Bai, Tianyu Jia*",Chat-A²: An LLM-aided Design Space Exploration Framework for High-Performance CPU Design,31st Asia and South Pacific Design Automation Conference (ASP-DAC),Jan. 2026,https://scholar.google.com/citations?view_op=view_citation&hl=en&user=x5IMx08AAAAJ&citation_for_view=x5IMx08AAAAJ:f2IySw72cVMC
2026,JSSC,journal,,"Yanchi Dong, Xueping Liu, Kangbo Bai, Guoxiang Li, Meng Wu, Yiqi Jing, Yihan Zhang, Pixian Zhan, Yadong Zhang, Yufei Ma, Ru Huang, Tianyu Jia*, Le Ye*",A Heterogeneous TinyML SoC with Systematic Minimum Energy Searching and Management for Keyword Spotting,IEEE Journal of Solid-State Circuits (JSSC),2026,https://scholar.google.com/citations?view_op=view_citation&hl=en&user=x5IMx08AAAAJ&citation_for_view=x5IMx08AAAAJ:u_35RYKgDlwC
2026,JSSC,journal,,"Yiqi Jing, Jiaqi Zhou, Yiyang Sun, Meng Wu, Yufei Ma, Tianyu Jia*, Le Ye*",NeRF-Learner: A NeRF-SLAM Accelerator with Unified Inference and Training Compute-in-Memory for Simultaneous Neural Rendering and SLAM,IEEE Journal of Solid-State Circuits (JSSC),2026,https://scholar.google.com/citations?view_op=view_citation&hl=en&user=x5IMx08AAAAJ&citation_for_view=x5IMx08AAAAJ:fPk4N6BV_jEC
2026,TVLSI,journal,,"Yongchao Xu, Mingxuan Li, Ziying Zhuo, Qinzhe Zhi, Tianyu Jia, Meiqi Wang",DayPQ: Dynamic Layer-wise Pruning and Quantization for LLM Inference Acceleration,IEEE Transactions on Very Large Scale Integration Systems (TVLSI),2026,https://scholar.google.com/citations?view_op=view_citation&hl=en&user=x5IMx08AAAAJ&citation_for_view=x5IMx08AAAAJ:D03iK_w7-QYC
2025,A-SSCC,conference,,"Mingxuan Li, Qinzhe Zhi, Zhaoyang Zhang, Fangyuan Dong, Wenjie Ren, Jun Yang, Le Ye, Xin Si, Tianyu Jia*",A 30.28-151.42 TFLOPS/W@FP8 Training Accelerator with Hybrid Compute-in-Memory and Workload Scheduling for Edge AI Applications,IEEE Asian Solid-State Circuits Conference (A-SSCC),Nov. 2025,https://scholar.google.com/citations?view_op=view_citation&hl=en&user=x5IMx08AAAAJ&citation_for_view=x5IMx08AAAAJ:yD5IFk8b50cC
2025,ICCAD,conference,,"Siyuan He, Zhantong Zhu, Yandong He, Tianyu Jia*",LP-Spec: Leveraging LPDDR PIM for Efficient LLM Mobile Speculative Inference with Architecture-Dataflow Co-Optimization,IEEE/ACM International Conference on Computer-Aided Design (ICCAD),Oct. 2025,https://scholar.google.com/citations?view_op=view_citation&hl=en&user=x5IMx08AAAAJ&citation_for_view=x5IMx08AAAAJ:M05iB0D1s5AC
2025,ICCAD,conference,,"Siyuan He, Peiran Yan, Yandong He, Youwei Zhuo, Tianyu Jia*",Tasa: Thermal-aware 3D-Stacked Architecture Design with Bandwidth Sharing for LLM Inference,IEEE/ACM International Conference on Computer-Aided Design (ICCAD),Oct. 2025,https://scholar.google.com/citations?view_op=view_citation&hl=en&user=x5IMx08AAAAJ&citation_for_view=x5IMx08AAAAJ:g5m5HwL7SMYC
2025,ICCAD,conference,,"Wenjie Ren, Meng Wu, Mingxuan Li, Peiyu Chen, Tianyu Jia*, Le Ye*",CIMTester: An Agile Golden-Result-Free BIST Compiler for Robust Compute-in-Memory,IEEE/ACM International Conference on Computer-Aided Design (ICCAD),Oct. 2025,https://scholar.google.com/citations?view_op=view_citation&hl=en&user=x5IMx08AAAAJ&citation_for_view=x5IMx08AAAAJ:cFHS6HbyZ2cC
2025,ESSERC,conference,,"Wenjie Ren, Meng Wu, Xiangjun Ye, Ruohang Xu, Peiyu Chen, Ying Liu, Fengyun Yan, Jiayoon Ru, Yufei Ma, Tianyu Jia*, Le Ye*",A 56.2TOPS/W Hybrid-Inner-Outer-Product SRAM Compute-in-Memory Macro for GEMM with Scalable Precision-Adaptive Systolic Dataflow,51st IEEE European Solid-State Electronics Research Conference (ESSERC),Sep. 2025,https://scholar.google.com/citations?view_op=view_citation&hl=en&user=x5IMx08AAAAJ&citation_for_view=x5IMx08AAAAJ:HoB7MX3m0LUC
2025,ISLPED,conference,Best Paper,"Peiran Yan, Qinzhe Zhi, Lifeng Liu, Tianyu Jia*",GenSoC: A Multi-Agent-Assisted SoC Generation Methodology Leveraging Open-Source Hardware,IEEE International Symposium on Low Power Electronics and Design (ISLPED),Aug. 2025,https://scholar.google.com/citations?view_op=view_citation&hl=en&user=x5IMx08AAAAJ&citation_for_view=x5IMx08AAAAJ:dfsIfKJdRG4C
2025,VLSI,conference,,"Yanchi Dong, Xueping Liu, Yiqi Jing, Ru Huang, Le Ye*, Tianyu Jia*",Distributed Power Management for 22nm AI Processor with Event-driven Exponential Dual-loop LDOs and Online Sparsity-Aware Droop Mitigation,IEEE Symposium on VLSI Technology & Circuits (VLSI),Jun. 2025,https://scholar.google.com/citations?view_op=view_citation&hl=en&user=x5IMx08AAAAJ&citation_for_view=x5IMx08AAAAJ:2P1L_qKh6hAC
2025,DAC,conference,,"Kangbo Bai, Le Ye, Ru Huang, Tianyu Jia*",EdgeMM: Multi-Core CPU with Heterogeneous AI-Extension and Activation-aware Weight Pruning for Multimodal LLMs at Edge,IEEE Design Automation Conference (DAC),Jun. 2025,https://scholar.google.com/citations?view_op=view_citation&hl=en&user=x5IMx08AAAAJ&citation_for_view=x5IMx08AAAAJ:vV6vV6tmYwMC
2025,DAC,conference,,"Yiyang Sun, Qinzhe Zhi, Yiqi Jing, Le Ye, Ru Huang, Tianyu Jia*",Local-GS: An Order-Independent Gaussian Splatting Training Accelerator Exploiting Splat Locality,IEEE Design Automation Conference (DAC),Jun. 2025,https://scholar.google.com/citations?view_op=view_citation&hl=en&user=x5IMx08AAAAJ&citation_for_view=x5IMx08AAAAJ:ZHo1McVdvXMC
2025,DAC,conference,,"Wentao Zhao, Boya Lv, Meng Wu, Peiyu Chen, Fengyun Yan, Yufei Ma, Tianyu Jia*, Ru Huang, Le Ye*",3D-TokSIM: Stacking 3D Memory with Token-Stationary Compute-in-Memory for Speculative LLM Inference,IEEE Design Automation Conference (DAC),Jun. 2025,https://scholar.google.com/citations?view_op=view_citation&hl=en&user=x5IMx08AAAAJ&citation_for_view=x5IMx08AAAAJ:SeFeTyx0c_EC
2025,ISCAS,conference,,"Xueping Liu, Le Ye, Tianyu Jia*","A 22nm Fully-synthesizable, All Digital Adaptive Clocking Generator with Fast-response Frequency Adjustment for AI Processor",IEEE International Symposium on Circuits and Systems (ISCAS),May 2025,https://scholar.google.com/citations?view_op=view_citation&hl=en&user=x5IMx08AAAAJ&citation_for_view=x5IMx08AAAAJ:70eg2SAEIzsC
2025,ISEDA,conference,Honorable Mention,"Kangbo Bai, Peiran Yan, Lifeng Liu, Tianyu Jia*",VeriRAG: Design AI-Specific CPU Co-processor with RAG-Enhanced LLMs,International Symposium of EDA (ISEDA),May 2025,https://scholar.google.com/citations?view_op=view_citation&hl=en&user=x5IMx08AAAAJ&citation_for_view=x5IMx08AAAAJ:ldfaerwXgEUC
2025,DATE,conference,,"Zhantong Zhu, Hongou Li, Wenjie Ren, Meng Wu, Le Ye, Ru Huang, Tianyu Jia*",Leveraging Compute-in-Memory for Efficient Generative Model Inference in TPUs,"Design, Automation and Test in Europe Conference (DATE)",Mar. 2025,https://scholar.google.com/citations?view_op=view_citation&hl=en&user=x5IMx08AAAAJ&citation_for_view=x5IMx08AAAAJ:NaGl4SEjCO4C
2025,ISSCC,conference,,"Yiqi Jing, Jiaqi Zhou, Yiyang Sun, Siyuan He, Ru Huang, Le Ye*, Tianyu Jia*",37.6 A 22nm 60.81TFLOPS/W Diffusion Accelerator with Bandwidth-Aware Memory Partition and BL-Segmented Compute-in-Memory for Efficient Multi-Task Content Generation,IEEE International Solid-State Circuits Conference (ISSCC),Feb. 2025,https://scholar.google.com/citations?view_op=view_citation&hl=en&user=x5IMx08AAAAJ&citation_for_view=x5IMx08AAAAJ:RYcK_YlVTxYC
2025,ASP-DAC,conference,,"Yiyang Sun, Peiran Yan, Yiqi Jing, Le Ye, Tianyu Jia*",GSNorm: An Efficient 3D Gaussian Rendering Accelerator with Splat Normalization and LUT-assist Rasterization,30th Asia and South Pacific Design Automation Conference (ASP-DAC),Jan. 2025,https://scholar.google.com/citations?view_op=view_citation&hl=en&user=x5IMx08AAAAJ&citation_for_view=x5IMx08AAAAJ:J_g5lzvAfSwC
2025,JSSC,journal,,"Joseph Zuckerman, Martin Cochet, Maico Cassel dos Santos, Erik Jens Loscalzo, Karthik Swaminathan, Tianyu Jia, Davide Giri, Thierry Tambe, Jeff Jun Zhang, et al.",EPOCHS-1: A 12nm Highly Heterogeneous Open-Source SoC with Distributed Coin-Based Power Management and Integrated Hybrid Voltage Regulation,IEEE Journal of Solid-State Circuits (JSSC),2025,https://scholar.google.com/citations?view_op=view_citation&hl=en&user=x5IMx08AAAAJ&citation_for_view=x5IMx08AAAAJ:3s1wT3WcHBgC
2025,JSSC,journal,,"Ying Liu, Ninghui Shang, Tianhao Zhao, Peiyu Chen, Tianyu Jia, Zhixuan Wang, Yufei Ma, Le Ye",A 22-nm Residual Spiking Neural Network Chip Based on Sparsity-Adaptive In-Memory Computing and a Spike-Driven Architecture,IEEE Journal of Solid-State Circuits (JSSC),2025,https://scholar.google.com/citations?view_op=view_citation&hl=en&user=x5IMx08AAAAJ&citation_for_view=x5IMx08AAAAJ:pqnbT2bcN3wC
2025,JSSC,journal,,"Peiyu Chen, Wentao Zhao, Meng Wu, Linxiao Shen, Tianyu Jia, Ru Huang, Le Ye, Yufei Ma",A 22-nm Delta-Sigma Computing-In-Memory SRAM Macro with Near-Zero-Mean Outputs and LSB-First ADCs for Edge AI Processing,IEEE Journal of Solid-State Circuits (JSSC),2025,https://scholar.google.com/citations?view_op=view_citation&hl=en&user=x5IMx08AAAAJ&citation_for_view=x5IMx08AAAAJ:RGFaLdJalmkC
2025,IEEE Micro,journal,Top Picks,"Martin Cochet, Karthik Swaminathan, Erik Jens Loscalzo, Joseph Zuckerman, Maico Cassel dos Santos, Davide Giri, Alper Buyuktosunoglu, Tianyu Jia, David Brooks, Gu-Yeon Wei, Kenneth Shepard, Luca P. Carloni, and Pradip Bose",BlitzCoin: A Decentralized Hardware Solution for Power Management of Highly-Heterogeneous SoCs,IEEE Micro,2025,https://scholar.google.com/citations?view_op=view_citation&hl=en&user=x5IMx08AAAAJ&citation_for_view=x5IMx08AAAAJ:35N4QoGY0k4C
2024,ICCAD,conference,,"Yanchi Dong, Xueping Liu, Xiaochen Hao, Yun (Eric) Liang, Ru Huang, Le Ye, Tianyu Jia*",Hierarchical Power Co-Optimization and Management for LLM Chiplet Designs,IEEE/ACM International Conference on Computer-Aided Design (ICCAD),Oct. 2024,https://scholar.google.com/citations?view_op=view_citation&hl=en&user=x5IMx08AAAAJ&citation_for_view=x5IMx08AAAAJ:lSLTfruPkqcC
2024,ICCAD,conference,,"Qipan Wang, Xueqing Li, Tianyu Jia, Yibo Lin, Runsheng Wang, Ru Huang",ATPlace2.5D: Analytical Thermal-Aware Chiplet Placement Framework for Large-Scale 2.5D-IC,IEEE/ACM International Conference on Computer-Aided Design (ICCAD),Oct. 2024,https://scholar.google.com/citations?view_op=view_citation&hl=en&user=x5IMx08AAAAJ&citation_for_view=x5IMx08AAAAJ:JV2RwH3_ST0C
2024,ESSERC,conference,,"Yiqi Jing, Yiyang Sun, Meng Wu, Zhaolongtai Zhu, Jiaqi Zhou, Ru Huang, Le Ye, Tianyu Jia*",NeRF-Learner: A 2.79mJ/Frame NeRF-SLAM Processor with Unified Inference/Training Compute-in-Memory for Large-Scale Neural Rendering,50th IEEE European Solid-State Electronics Research Conference (ESSERC),Sep. 2024,https://scholar.google.com/citations?view_op=view_citation&hl=en&user=x5IMx08AAAAJ&citation_for_view=x5IMx08AAAAJ:NMxIlDl6LWMC
2024,VLSI,conference,,"Yanchi Dong, Xueping Liu, Kangbo Bai, Guoxiang Li, Meng Wu, Yiqi Jing, Yihan Zhang, Pixian Zhan, Yadong Zhang, Yufei Ma, Ru Huang, Le Ye*, Tianyu Jia*",A Heterogeneous TinyML SoC with Energy-Event-Performance-Aware Management and Compute-in-Memory Two-Stage Event-Driven Wakeup,IEEE Symposium on VLSI Technology & Circuits (VLSI),Jun. 2024,https://scholar.google.com/citations?view_op=view_citation&hl=en&user=x5IMx08AAAAJ&citation_for_view=x5IMx08AAAAJ:blknAaTinKkC
2024,VLSI,conference,,"Erik Loscalzo, Martin Cochet, Joseph Zuckerman, Samira Zaliasl, Michael Lekas, Stephen Cahill, Tianyu Jia, Karthik Swaminathan, et al.",A 400-ns-Settling-Time Hybrid Dynamic Voltage Frequency Scaling Architecture and Its Application in a 22-Core Network-on-Chip SoC in 12-nm FinFET Technology,IEEE Symposium on VLSI Technology & Circuits (VLSI),Jun. 2024,https://scholar.google.com/citations?view_op=view_citation&hl=en&user=x5IMx08AAAAJ&citation_for_view=x5IMx08AAAAJ:isC4tDSrTZIC
2024,DAC,conference,,"Yiqi Jing, Meng Wu, Jiaqi Zhou, Yiyang Sun, Yufei Ma, Ru Huang, Le Ye*, Tianyu Jia*",AIG-CIM: A Scalable Chiplet Module with Tri-Gear Heterogeneous Compute-in-Memory for Diffusion Acceleration,IEEE Design Automation Conference (DAC),Jun. 2024,https://scholar.google.com/citations?view_op=view_citation&hl=en&user=x5IMx08AAAAJ&citation_for_view=x5IMx08AAAAJ:BqipwSGYUEgC
2024,DAC,conference,,"Mingxuan Li, Qinzhe Zhi, Yanchi Dong, Le Ye, Tianyu Jia*",SPARK: An Efficient Hybrid Acceleration Architecture with Run-Time Sparsity-Aware Scheduling for TinyML Learning,IEEE Design Automation Conference (DAC),Jun. 2024,https://scholar.google.com/citations?view_op=view_citation&hl=en&user=x5IMx08AAAAJ&citation_for_view=x5IMx08AAAAJ:YFjsv_pBGBYC
2024,DAC,conference,,"Zhiyuan Chen, Yufei Ma, Keyi Li, Yifan Jia, Guoxiang Li, Meng Wu, Tianyu Jia, Le Ye, Ru Huang",An In-Memory Computing Accelerator with Reconfigurable Dataflow for Multi-Scale Vision Transformer with Hybrid Topology,IEEE Design Automation Conference (DAC),Jun. 2024,https://scholar.google.com/citations?view_op=view_citation&hl=en&user=x5IMx08AAAAJ&citation_for_view=x5IMx08AAAAJ:GnPB-g6toBAC
2024,ISCA,conference,Micro Top Picks,"Martin Cochet, Karthik Swaminathan, Erik Jens Loscalzo, Joseph Zuckerman, Maico Cassel dos Santos, Davide Giri, Alper Buyuktosunoglu, Tianyu Jia, David Brooks, Gu-Yeon Wei, Kenneth Shepard, Luca P. Carloni, and Pradip Bose",BlitzCoin: Fully Decentralized Hardware Power Management for Accelerator-Rich SoCs,International Symposium on Computer Architecture (ISCA),Jul. 2024,https://scholar.google.com/citations?view_op=view_citation&hl=en&user=x5IMx08AAAAJ&citation_for_view=x5IMx08AAAAJ:k_IJM867U9cC
2024,CICC,conference,,"Meng Wu, Wenjie Ren, Peiyu Chen, Wentao Zhao, Yiqi Jing, Jiayoon Ru, Zhixuan Wang, Yufei Ma, Ru Huang, Tianyu Jia*, Le Ye*",S2D-CIM: A 22nm 128Kb Systolic Digital Compute-in-Memory Macro with Domino Data Path for Flexible Vector Operation and 2-D Weight Update in Edge AI Applications,IEEE Custom Integrated Circuit Conference (CICC),Apr. 2024,https://scholar.google.com/citations?view_op=view_citation&hl=en&user=x5IMx08AAAAJ&citation_for_view=x5IMx08AAAAJ:TFP_iSt0sucC
2024,CICC,conference,,"Yikan Qiu, Yufei Ma, Meng Wu, Yifan Jia, Xinyu Qu, Zecheng Zhou, Jincheng Lou, Tianyu Jia, Le Ye, Ru Huang",Quartet: A 22nm 0.09mJ/Inference Digital Compute-in-Memory Versatile AI Accelerator with Heterogeneous Tensor Engines and Off-Chip-Less Dataflow,IEEE Custom Integrated Circuit Conference (CICC),Apr. 2024,https://scholar.google.com/citations?view_op=view_citation&hl=en&user=x5IMx08AAAAJ&citation_for_view=x5IMx08AAAAJ:bEWYMUwI8FkC
2024,ISSCC,conference,,"Ying Liu, Yufei Ma, Ninghui Shang, Tianhao Zhao, Peiyu Chen, Meng Wu, Jiayoon Ru, Tianyu Jia, Le Ye, Zhixuan Wang, Ru Huang",30.2 A 22nm 0.26nW/Synapse Spike-Driven Spiking Neural Network Processing Unit Using Time-Step-First Dataflow and Sparsity-Adaptive In-Memory Computing,IEEE International Solid-State Circuits Conference (ISSCC),Feb. 2024,https://scholar.google.com/citations?view_op=view_citation&hl=en&user=x5IMx08AAAAJ&citation_for_view=x5IMx08AAAAJ:RHpTSmoSYBkC
2024,ISSCC,conference,,"Maico Cassel dos Santos†, Tianyu Jia†, Joseph Zuckerman†, Martin Cochet†, Davide Giri, Erik Jens Loscalzo, et al.","14.5 A 12nm Linux-SMP-capable RISC-V SoC with 14 accelerator types, distributed hardware power management and flexible NoC-based data orchestration",IEEE International Solid-State Circuits Conference (ISSCC),Feb. 2024,https://scholar.google.com/citations?view_op=view_citation&hl=en&user=x5IMx08AAAAJ&citation_for_view=x5IMx08AAAAJ:R3hNpaxXUhUC
2024,SSC-L,journal,,"Peiyu Chen, Meng Wu, Wentan Zhao, Yufei Ma, Tianyu Jia*, Le Ye",A 44.3 TOPS/W SRAM Compute-in-Memory with Near-CIM Analog Memory and Activation for DAC/ADC-less Operations,IEEE Solid-State Circuits Letters (SSC-L),2024,https://scholar.google.com/citations?view_op=view_citation&hl=en&user=x5IMx08AAAAJ&citation_for_view=x5IMx08AAAAJ:M3NEmzRMIkIC
2024,SSC-L,journal,,"Meng Wu, Wenjie Ren, Peiyu Chen, Wentan Zhao, Tianyu Jia*, Le Ye*",S2D-CIM: SRAM-based Systolic Digital Compute-in-Memory Framework with Domino Data Path Supporting Flexible Vector Operation and 2-D Weight Update,IEEE Solid-State Circuits Letters (SSC-L) (CICC invited),2024,https://scholar.google.com/citations?view_op=view_citation&hl=en&user=x5IMx08AAAAJ&citation_for_view=x5IMx08AAAAJ:TFP_iSt0sucC
2024,TCAS-I,journal,,"Yufei Ma, Yikan Qiu, Wentao Zhao, Guoxiang Li, Meng Wu, Tianyu Jia, Le Ye, Ru Huang",DCIM-GCN: Digital Computing-in-Memory Accelerator for Graph Convolutional Network,IEEE Transactions on Circuits and Systems I: Regular Papers,2024,https://scholar.google.com/citations?view_op=view_citation&hl=en&user=x5IMx08AAAAJ&citation_for_view=x5IMx08AAAAJ:j3f4tGmQtD8C
2024,TCAS-I,journal,,"Ying Liu, Zhiyuan Chen, Wentao Zhao, Tianhao Zhao, Tianyu Jia, Zhixuan Wang, Ru Huang, Le Ye, Yufei Ma",Sparsity-Aware In-Memory Neuromorphic Computing Unit with Configurable Topology of Hybrid Spiking and Artificial Neural Network,IEEE Transactions on Circuits and Systems I: Regular Papers,2024,https://scholar.google.com/citations?view_op=view_citation&hl=en&user=x5IMx08AAAAJ&citation_for_view=x5IMx08AAAAJ:4JMBOYKVnBMC
2024,TCAD,journal,,"Yu-Shun Hsiao, Zishen Wan, Tianyu Jia, Radhika Ghosal, Abdulrahman Mahmoud, Arijit Raychowdhury, David Brooks, Gu-Yeon Wei, Vijay Reddi",Silent Data Corruption in Robot Operating System: A Case for End-to-End System-Level Fault Analysis Using Autonomous UAVs,IEEE Transactions on Computer-Aided Design of Integrated Circuits and Systems (TCAD),2024,https://scholar.google.com/citations?view_op=view_citation&hl=en&user=x5IMx08AAAAJ&citation_for_view=x5IMx08AAAAJ:mB3voiENLucC
2023,ICCAD,conference,,"Xiuping Cui, Size Zheng, Tianyu Jia, Le Ye, Yun Liang",ARES: A Mapping Framework of DNNs Towards Diverse PIMs with General Abstractions,IEEE International Conference on Computer Aided Design (ICCAD),Nov. 2023,https://scholar.google.com/citations?view_op=view_citation&hl=en&user=x5IMx08AAAAJ&citation_for_view=x5IMx08AAAAJ:hFOr9nPyWt4C
2023,ISLPED,conference,,"Yiqi Jing, Yiyang Sun, Xiao Wang, Wentao Zhao, Meng Wu, Fengyun Yan, Yufei Ma, Le Ye, Tianyu Jia*",DCIM-3DRec: A 3D Reconstruction Accelerator with Digital Computing-in-Memory and Octree-Based Scheduler,IEEE International Symposium on Low Power Electronics and Design (ISLPED),Aug. 2023,https://scholar.google.com/citations?view_op=view_citation&hl=en&user=x5IMx08AAAAJ&citation_for_view=x5IMx08AAAAJ:hC7cP41nSMkC
2023,DAC,conference,,"Yanchi Dong, Tianyu Jia*, Kaixuan Du, Yiqi Jing, Qijun Wang, Pixian Zhan, Yadong Zhang, Fengyun Yan, Yufei Ma, Yun Liang, Le Ye, Ru Huang",A Model-Specific End-to-End Design Methodology for Resource-Constrained TinyML Hardware,IEEE Design Automation Conference (DAC),Jun. 2023,https://scholar.google.com/citations?view_op=view_citation&hl=en&user=x5IMx08AAAAJ&citation_for_view=x5IMx08AAAAJ:qUcmZB5y_30C
2023,CICC,conference,,"Ying Liu, Zhiyuan Chen, Zhixuan Wang, Wentao Zhao, Wei He, Jianfeng Zhu, Qijun Wang, Ning Zhang, Tianyu Jia, Yufei Ma, Le Ye, Ru Huang",A 22nm 0.43pJ/SOP Sparsity-Aware In-Memory Neuromorphic Computing System with Hybrid Spiking and Artificial Neural Network and Configurable Topology,IEEE Custom Integrated Circuit Conference (CICC),Apr. 2023,https://scholar.google.com/citations?view_op=view_citation&hl=en&user=x5IMx08AAAAJ&citation_for_view=x5IMx08AAAAJ:ZeXyd9-uunAC
2023,CICC,conference,,"Xi Chen, Aly Shoukry, Tianyu Jia, Xin Zhang, Raveesh Magod, Nachiket V. Desai, Jie Gu",A 65nm Fully-integrated Fast-switching Buck Converter with Resonant Gate Drive and Automatic Tracking,IEEE Custom Integrated Circuit Conference (CICC),Apr. 2023,https://scholar.google.com/citations?view_op=view_citation&hl=en&user=x5IMx08AAAAJ&citation_for_view=x5IMx08AAAAJ:L8Ckcad2t8MC
2023,DATE,conference,,"Yu-Shun Hsiao, Zishen Wan, Tianyu Jia, Radhika Ghosal, Abdulrahman Mahmoud, Arijit Raychowdhury, David Brooks, Gu-Yeon Wei, Vijay Janapa Reddi",MAVFI: An End-to-End Fault Analysis Framework with Anomaly Detection and Recovery for Micro Aerial Vehicles,"Design, Automation and Test in Europe Conference (DATE)",Apr. 2023,https://scholar.google.com/citations?view_op=view_citation&hl=en&user=x5IMx08AAAAJ&citation_for_view=x5IMx08AAAAJ:UebtZRa9Y70C
2023,ISSCC,conference,,"Peiyu Chen, Meng Wu, Wentao Zhao, Jiajia Cui, Zhixuan Wang, Yadong Zhang, Qijun Wang, Jiayoon Ru, Linxiao Shen, Tianyu Jia, Yufei Ma, Le Ye, Ru Huang",7.8 A 22nm Delta-Sigma Computing-In-Memory (ΔΣCIM) SRAM Macro with Near-Zero-Mean Outputs and LSB-First ADCs Achieving 21.38TOPS/W for 8b-MAC Edge AI Processing,IEEE International Solid-State Circuits Conference (ISSCC),Feb. 2023,https://scholar.google.com/citations?view_op=view_citation&hl=en&user=x5IMx08AAAAJ&citation_for_view=x5IMx08AAAAJ:7PzlFSSx8tAC
2023,ISSCC,conference,,"Thierry Tambe, Jeff Zhang, Coleman Hooper, Tianyu Jia, Paul N. Whatmough, Joseph Zuckerman, et al.","22.9 A 12nm 18.1TFLOPs/W Sparse Transformer Processor with Entropy-Based Early Exit, Mixed-Precision Predication and Fine-Grained Power Management",IEEE International Solid-State Circuits Conference (ISSCC),Feb. 2023,https://scholar.google.com/citations?view_op=view_citation&hl=en&user=x5IMx08AAAAJ&citation_for_view=x5IMx08AAAAJ:dhFuZR0502QC
2023,Design&Test,journal,NOCS Best Paper,"Gabriele Tombesi, Joseph Zuckerman, Paolo Mantovani, Davide Giri, Maico Cassel dos Santos, Tianyu Jia, David Brooks, Gu-Yeon Wei, Luca P. Carloni",SoCProbe: Compositional Post-Silicon Validation of Heterogeneous NoC-Based SoCs,IEEE Design & Test,2023,https://scholar.google.com/citations?view_op=view_citation&hl=en&user=x5IMx08AAAAJ&citation_for_view=x5IMx08AAAAJ:IWHjjKOFINEC
2023,ACM TECS,journal,,"Georgios Zacharopoulos, Adel Ejjeh, Ying Jing, En-Yu Yang, Tianyu Jia, Iulian Brumar, Jeremy Intan, Muhammad Huzaifa, Sarita Adve, Vikram Adve, Gu-Yeon Wei, David Brooks",Trireme: Exploration of Hierarchical Multi-level Parallelism for Hardware Acceleration,ACM Transactions on Embedded Computing Systems,2023,https://scholar.google.com/citations?view_op=view_citation&hl=en&user=x5IMx08AAAAJ&citation_for_view=x5IMx08AAAAJ:QIV2ME_5wuYC
2022,ICCAD,conference,,"Maico Cassel dos Santos†, Tianyu Jia†, Martin Cochet, Karthik Swaminathan, Joseph Zuckerman, Paolo Mantovani, Davide Giri, et al.",A Scalable Methodology for Agile Chip Development with Open-Source Hardware Components,IEEE International Conference on Computer Aided Design (ICCAD) (Invited Paper),Nov. 2022,https://scholar.google.com/citations?view_op=view_citation&hl=en&user=x5IMx08AAAAJ&citation_for_view=x5IMx08AAAAJ:mVmsd5A6BfQC
2022,ESSCIRC,conference,,"Tianyu Jia†, Paolo Mantovani†, Maico Cassel dos Santos†, Davide Giri, Joseph Zuckerman, Erik Jens Loscalzo, et al.","A 12nm Agile-Designed SoC for Swarm-Based Perception with Heterogeneous IP Blocks, a Reconfigurable Memory Hierarchy, and an 800MHz Multi-Plane NoC",European Solid-State Circuits Conference (ESSCIRC),Sep. 2022,https://scholar.google.com/citations?view_op=view_citation&hl=en&user=x5IMx08AAAAJ&citation_for_view=x5IMx08AAAAJ:Wp0gIr-vW9MC
2022,ESSCIRC,conference,,"Yuhao Ju, Shiyu Guo, Zixuan Liu, Tianyu Jia, Jie Gu",A Differentiable Neural Computer for Logic Reasoning with Scalable Near-Memory Computing and Sparsity Based Enhancement,European Solid-State Circuits Conference (ESSCIRC),Sep. 2022,https://scholar.google.com/citations?view_op=view_citation&hl=en&user=x5IMx08AAAAJ&citation_for_view=x5IMx08AAAAJ:4DMP91E08xMC
2022,DATE,conference,,"Tianyu Jia, En-Yu Yang, Yu-Shun Hsiao, Jonathan Cruz, David Brooks, Gu-Yeon Wei, Vijay Janapa Reddi",OMU: A Probabilistic 3D Occupancy Mapping Accelerator for Real-time OctoMap at the Edge,"Design, Automation and Test in Europe Conference (DATE)",Apr. 2022,https://scholar.google.com/citations?view_op=view_citation&hl=en&user=x5IMx08AAAAJ&citation_for_view=x5IMx08AAAAJ:aqlVkmm33-oC
2022,DATE,conference,,"Zishen Wan, Aqeel Anwar, Abdulrahman Mahmoud, Tianyu Jia, Yu-Shun Hsiao, Vijay Janapa Reddi, Arijit Raychowdhury",FRL-FI: Transient Fault Analysis for Federated Reinforcement Learning-Based Navigation Systems,"Design, Automation and Test in Europe Conference (DATE)",Apr. 2022,https://scholar.google.com/citations?view_op=view_citation&hl=en&user=x5IMx08AAAAJ&citation_for_view=x5IMx08AAAAJ:qxL8FJ1GzNcC
2021,MICRO,conference,,"Thierry Tambe, Coleman Hooper, Lillian Pentecost, Tianyu Jia, En-Yu Yang, Marco Donato, Victor Sanh, Paul N. Whatmough, Alexander M. Rush, David Brooks, Gu-Yeon Wei",EdgeBERT: Sentence-Level Energy Optimizations for Latency-Aware Multi-Task NLP Inference,IEEE International Symposium on Microarchitecture (MICRO),Nov. 2021,https://scholar.google.com/citations?view_op=view_citation&hl=en&user=x5IMx08AAAAJ&citation_for_view=x5IMx08AAAAJ:Zph67rFs4hoC
2021,DAC,conference,,"Zishen Wan, Aqeel Anwar, Yu-Shun Hsiao, Tianyu Jia, Vijay Janapa Reddi, Arijit Raychowdhury",Analyzing and Improving Fault Tolerance of Learning-Based Navigation Systems,IEEE Design Automation Conference (DAC),Jun. 2021,https://scholar.google.com/citations?view_op=view_citation&hl=en&user=x5IMx08AAAAJ&citation_for_view=x5IMx08AAAAJ:_kc_bZDykSQC
2021,ASAP,conference,,"En-Yu Yang, Tianyu Jia, David Brooks, Gu-Yeon Wei",FlexACC: A Programmable Accelerator with Application-Specific ISA for Flexible Deep Neural Network Inference,"IEEE 32nd International Conference on Application-specific Systems, Architectures and Processors (ASAP)",Jul. 2021,https://scholar.google.com/citations?view_op=view_citation&hl=en&user=x5IMx08AAAAJ&citation_for_view=x5IMx08AAAAJ:YOwf2qJgpHMC
2021,JSSC,journal,,"Tianyu Jia, Yuhao Ju, Jie Gu",A Dynamic Timing Enhanced DNN Accelerator With Compute-Adaptive Elastic Clock Chain Technique,IEEE Journal of Solid-State Circuits (JSSC),2021,https://scholar.google.com/citations?view_op=view_citation&hl=en&user=x5IMx08AAAAJ&citation_for_view=x5IMx08AAAAJ:u-x6o8ySG0sC
2020,MICRO,conference,,"Tianyu Jia, Yuhao Ju, Russ Joseph, Jie Gu",NCPU: An Embedded Neural CPU Architecture on Resource-Constrained Low Power Devices for Real-time End-to-End Performance,IEEE International Symposium on Microarchitecture (MICRO),Nov. 2020,https://scholar.google.com/citations?view_op=view_citation&hl=en&user=x5IMx08AAAAJ&citation_for_view=x5IMx08AAAAJ:u5HHmVD_uO8C
2020,JSSC,journal,,"Tianyu Jia, Yijie Wei, Russ Joseph, Jie Gu",An Adaptive Clock Scheme Exploiting Instruction-Based Dynamic Timing Slack for a GPGPU Architecture,IEEE Journal of Solid-State Circuits (JSSC),2020,https://scholar.google.com/citations?view_op=view_citation&hl=en&user=x5IMx08AAAAJ&citation_for_view=x5IMx08AAAAJ:qjMakFHDy7sC
2020,ISSCC,conference,,"Tianyu Jia, Yuhao Ju, Jie Gu",31.3 A Compute-Adaptive Elastic Clock-Chain Technique with Dynamic Timing Enhancement for 2D PE-Array-Based Accelerators,IEEE International Solid-State Circuits Conference (ISSCC),Feb. 2020,https://scholar.google.com/citations?view_op=view_citation&hl=en&user=x5IMx08AAAAJ&citation_for_view=x5IMx08AAAAJ:9yKSN-GCB0IC
2020,ECCE,conference,,"Dongkwun Kim, Yoshitaka Yamauchi, Xiaodong Meng, Tianyu Jia, Liam McAuliffe, Todd Takken, Kevin Tien, Shuron Tian, Yuan Yao, Andrew Ferencz, Mingoo Seok, Xin Zhang",An Integrated Programmable Gate Timing Control and Gate Driver Chip for A 48V-to-0.75V Active-Clamp Forward Converter Power Block,IEEE Energy Conversion Congress and Exposition (ECCE),2020,https://scholar.google.com/citations?view_op=view_citation&hl=en&user=x5IMx08AAAAJ&citation_for_view=x5IMx08AAAAJ:MXK_kJrjxJIC
2019,JSSC,journal,,"Tianyu Jia, Russ Joseph, Jie Gu",An Instruction-Driven Adaptive Clock Management Through Dynamic Phase Scaling and Compiler Assistance for a Low Power Microprocessor,IEEE Journal of Solid-State Circuits (JSSC),2019,https://scholar.google.com/citations?view_op=view_citation&hl=en&user=x5IMx08AAAAJ&citation_for_view=x5IMx08AAAAJ:Y0pCki6q_DkC
2019,VLSI,conference,,"Todd Takken, Andrew Ferencz, Chung-Shiang Wu, Liam McAuliffe, Tianyu Jia, Xin Zhang",A 48 V Input 0.75 V Output DC-DC Converter Power Block for HPC Systems and Datacenters,IEEE Symposium on VLSI Circuits,Jun. 2019,https://scholar.google.com/citations?view_op=view_citation&hl=en&user=x5IMx08AAAAJ&citation_for_view=x5IMx08AAAAJ:KlAtU1dfN6UC
2019,ISSCC,conference,,"Tianyu Jia, Russ Joseph, Jie Gu",19.4 An Adaptive Clock Management Scheme Exploiting Instruction-Based Dynamic Timing Slack for a General-Purpose Graphics Processor Unit with Deep Pipeline and Out-of-Order Execution,IEEE International Solid-State Circuits Conference (ISSCC),Feb. 2019,https://scholar.google.com/citations?view_op=view_citation&hl=en&user=x5IMx08AAAAJ&citation_for_view=x5IMx08AAAAJ:ns9cj8rnVeAC
2018,ICCAD,conference,,"Kofi Otseidu, Tianyu Jia, Joshua Bryne, Levi Hargrove, Jie Gu",Design and Optimization of Edge Computing Distributed Neural Processor for Biomedical Rehabilitation with Sensor Fusion,IEEE International Conference on Computer Aided Design (ICCAD),Nov. 2018,https://scholar.google.com/citations?view_op=view_citation&hl=en&user=x5IMx08AAAAJ&citation_for_view=x5IMx08AAAAJ:eQOLeE2rZwMC
2018,A-SSCC,conference,,"Tianyu Jia, Jie Gu",A Fully-integrated LC-Oscillator Based Buck Regulator with Autonomous Resonant Switching for Low-Power Applications,IEEE Asian Solid-State Circuits Conference (A-SSCC),Nov. 2018,https://scholar.google.com/citations?view_op=view_citation&hl=en&user=x5IMx08AAAAJ&citation_for_view=x5IMx08AAAAJ:zYLM7Y9cAGgC
2018,ESSCIRC,conference,,"Tianyu Jia, Russ Joseph, Jie Gu",An Instruction Driven Adaptive Clock Phase Scaling with Timing Encoding and Online Instruction Calibration for a Low Power Microprocessor,European Solid-State Circuits Conference (ESSCIRC),Sep. 2018,https://scholar.google.com/citations?view_op=view_citation&hl=en&user=x5IMx08AAAAJ&citation_for_view=x5IMx08AAAAJ:ufrVoPGSRksC
2018,SOCC,conference,,"Josiah Hester, Tianyu Jia, Jie Gu",Holistic Energy Management with uProcessor Co-Optimization in Fully Integrated Battery-Less IoTs,IEEE International System-on-Chip Conference (SOCC),Sep. 2018,https://scholar.google.com/citations?view_op=view_citation&hl=en&user=x5IMx08AAAAJ&citation_for_view=x5IMx08AAAAJ:2osOgNQ5qMEC
2018,DAC,conference,,"Yuanbo Fan, Tianyu Jia, Jie Gu, Simone Campanoni, Russ Joseph",Compiler-guided instruction-level clock scheduling for timing speculative processors,IEEE Design Automation Conference (DAC),Jun. 2018,https://scholar.google.com/citations?view_op=view_citation&hl=en&user=x5IMx08AAAAJ&citation_for_view=x5IMx08AAAAJ:_FxGoFyzp5QC
2018,JSSC,journal,,"Tianyu Jia, Jie Gu",A Fully Integrated Buck Regulator With 2-GHz Resonant Switching for Low-Power Applications,IEEE Journal of Solid-State Circuits (JSSC),2018,https://scholar.google.com/citations?view_op=view_citation&hl=en&user=x5IMx08AAAAJ&citation_for_view=x5IMx08AAAAJ:YsMSGLbcyi4C
2017,VLSI,conference,,"Tianyu Jia, Jie Gu",A 0.3-0.86V fully integrated buck regulator with 2GHz resonant switching for ultra-low power applications,IEEE Symposium on VLSI Circuits,Jun. 2017,https://scholar.google.com/citations?view_op=view_citation&hl=en&user=x5IMx08AAAAJ&citation_for_view=x5IMx08AAAAJ:roLk4NBRz8UC
2017,DAC,conference,,"Tianyu Jia, Russ Joseph, Jie Gu",Greybox Design Methodology: A Program Driven Hardware Co-optimization with Ultra-Dynamic Clock Management,IEEE Design Automation Conference (DAC),Jun. 2017,https://scholar.google.com/citations?view_op=view_citation&hl=en&user=x5IMx08AAAAJ&citation_for_view=x5IMx08AAAAJ:UeHWp8X0CEIC
2017,MWSCAS,conference,,"Tianyu Jia, Yuanbo Fan, Russ Joseph, Jie Gu",Software-guided greybox design methodology with integrated power and clock management,IEEE MWSCAS (Invited Paper),2017,https://scholar.google.com/citations?view_op=view_citation&hl=en&user=x5IMx08AAAAJ&citation_for_view=x5IMx08AAAAJ:UeHWp8X0CEIC
2016,DAC,conference,,"Tianyu Jia, Yuanbo Fan, Russ Joseph, Jie Gu",Exploration of associative power management with instruction governed operation for ultra-low power design,IEEE Design Automation Conference (DAC),Jun. 2016,https://scholar.google.com/citations?view_op=view_citation&hl=en&user=x5IMx08AAAAJ&citation_for_view=x5IMx08AAAAJ:Tyk-4Ss8FVUC
2015,ESSCIRC,conference,,"Yue Wu, Tianyu Jia, Bo Xia, Xinlong Ma, Li Kang, Xiaodong Yang",Suppression of VCO pulling effects using even-harmonic quiet transmitting circuits,European Solid-State Circuits Conference (ESSCIRC),Sep. 2015,https://scholar.google.com/citations?view_op=view_citation&hl=en&user=x5IMx08AAAAJ&citation_for_view=x5IMx08AAAAJ:kNdYIx-mwKoC
